date,time,format,video,caption_file,hook,posted_tiktok,posted_youtube,posted_instagram,posted_pinterest
2026-10-04,07:30,tale,2026-10-04/0730-tale.mp4,2026-10-04/0730-tale.txt,They were told to lick the glowing paint. It was poison.,,,,
2026-10-04,12:30,tale,2026-10-04/1230-tale.mp4,2026-10-04/1230-tale.txt,His ship was crushed by ice. Every one of his men came home.,,,,
2026-10-04,19:30,tale,2026-10-04/1930-tale.mp4,2026-10-04/1930-tale.txt,They ignored six warnings in one day,,,,
2026-10-05,07:30,tale,2026-10-05/0730-tale.mp4,2026-10-05/0730-tale.txt,He told doctors to wash their hands. They locked him away.,,,,
2026-10-05,12:30,tale,2026-10-05/1230-tale.mp4,2026-10-05/1230-tale.txt,Everyone ran from the volcano. He sailed toward it.,,,,
2026-10-05,19:30,tale,2026-10-05/1930-tale.mp4,2026-10-05/1930-tale.txt,The most powerful man in the world asked him for one thing. He said move.,,,,
2026-10-06,07:30,tale,2026-10-06/0730-tale.mp4,2026-10-06/0730-tale.txt,"She commanded the biggest pirate fleet in history, then retired rich",,,,
2026-10-06,12:30,tale,2026-10-06/1230-tale.mp4,2026-10-06/1230-tale.txt,His life's work burned down at 67. His reaction was unbelievable.,,,,
2026-10-06,19:30,tale,2026-10-06/1930-tale.mp4,2026-10-06/1930-tale.txt,This dog waited at a train station for nine years,,,,
2026-10-07,07:30,tale,2026-10-07/0730-tale.mp4,2026-10-07/0730-tale.txt,People traded houses for flowers. Then it crashed overnight.,,,,
2026-10-07,12:30,tale,2026-10-07/1230-tale.mp4,2026-10-07/1230-tale.txt,He conquered Moscow and still lost everything,,,,
2026-10-07,19:30,tale,2026-10-07/1930-tale.mp4,2026-10-07/1930-tale.txt,She found the fossils. The men took the credit.,,,,
2026-10-08,07:30,tale,2026-10-08/0730-tale.mp4,2026-10-08/0730-tale.txt,The emperor wrote secret notes to himself every night,,,,
2026-10-08,12:30,tale,2026-10-08/1230-tale.mp4,2026-10-08/1230-tale.txt,They took everything from him except one thing,,,,
2026-10-08,19:30,tale,2026-10-08/1930-tale.mp4,2026-10-08/1930-tale.txt,They forced him to say the Earth doesn't move,,,,
2026-10-09,07:30,tale,2026-10-09/0730-tale.mp4,2026-10-09/0730-tale.txt,He kept fighting World War Two for 29 years after it ended,,,,
2026-10-09,12:30,tale,2026-10-09/1230-tale.mp4,2026-10-09/1230-tale.txt,They painted the tank brown so no one would see the cracks,,,,
2026-10-09,19:30,tale,2026-10-09/1930-tale.mp4,2026-10-09/1930-tale.txt,Fear hanged 19 innocent people in one summer,,,,
2026-10-10,07:30,tale,2026-10-10/0730-tale.mp4,2026-10-10/0730-tale.txt,The mayor said the fire was nothing and went back to bed,,,,
2026-10-10,12:30,tale,2026-10-10/1230-tale.mp4,2026-10-10/1230-tale.txt,The shortcut was sold by a man who had never taken it,,,,
2026-10-10,19:30,tale,2026-10-10/1930-tale.mp4,2026-10-10/1930-tale.txt,"He could have run. Instead, he sent one last message.",,,,
